{"accuracy": [0.9092291593551636, 0.9725000262260437, 0.9782916903495789, 0.9819583296775818, 0.984041690826416, 0.9857916831970215, 0.9870208501815796, 0.9878749847412109, 0.9886875152587891, 0.9898750185966492], "loss": [0.2942502498626709, 0.10129040479660034, 0.0785016193985939, 0.06696341186761856, 0.05745295062661171, 0.05071965605020523, 0.04806065931916237, 0.04184611141681671, 0.04033698886632919, 0.037894584238529205], "val_accuracy": [0.9852499961853027, 0.9836666584014893, 0.9860833287239075, 0.9882500171661377, 0.9905833601951599, 0.9899166822433472, 0.9901666641235352, 0.9905833601951599, 0.9898333549499512, 0.9902499914169312], "val_loss": [0.04855534806847572, 0.06403829902410507, 0.055560119450092316, 0.04615399241447449, 0.04174036532640457, 0.036152273416519165, 0.03465723246335983, 0.04212430492043495, 0.04464001953601837, 0.03916109725832939], "learning_rate": [0.0010000000474974513, 0.0010000000474974513, 0.0010000000474974513, 0.0010000000474974513, 0.0010000000474974513, 0.0010000000474974513, 0.0010000000474974513, 0.0010000000474974513, 0.0010000000474974513, 0.0010000000474974513]}